priority,dept,kind,published,slug,title,byline,url
"2","allergy-immunology","article","2025-07-03","beat-the-pollen-combatting-seasonal-allergies","Beat the pollen — combatting seasonal allergies","","https://www.lohud.com/story/sponsor-story/montefiore-health-system/2025/07/03/beat-the-pollen-combatting-seasonal-allergies/84461246007/"
"1","allergy-immunology","article","2019-05-23","take-control-your-seasonal-allergy-and-asthma-symptoms","Take control of your seasonal allergy and asthma symptoms","","https://www.lohud.com/story/sponsor-story/montefiore-health-system/2019/05/23/take-control-your-seasonal-allergy-and-asthma-symptoms/3767750002/"
"2","allergy-immunology","article","2019-05-03","may-celiac-awareness-month-know-signs-learn-treatment","May is Celiac Awareness Month. Know the signs, learn about the","","https://www.lohud.com/story/sponsor-story/montefiore-health-system/2019/05/03/may-celiac-awareness-month-know-signs-learn-treatment/3661849002/"
"2","behavioral-health","article","2024-05-10","kicking-mom-shaming-to-the-curb-through-moments-of-connection","Kicking mom-shaming to the curb through moments of connection","","https://www.lohud.com/story/sponsor-story/montefiore-health-system/2024/05/10/kicking-mom-shaming-to-the-curb-through-moments-of-connection/73640510007/"
"2","behavioral-health","article","2024-03-22","5-questions-to-recognize-if-anxiety-is-normal-or-a-problem","5 questions to recognize if anxiety is normal or a problem","","https://www.lohud.com/story/sponsor-story/montefiore-health-system/2024/03/22/5-questions-to-recognize-if-anxiety-is-normal-or-a-problem/73071047007/"
"1","behavioral-health","article","2022-10-06","whats-psb-how-to-treat-and-prevent-problematic-sexual-behavior-in-kids","What's PSB? How to treat and prevent “problematic sexual behavior in kids","","https://www.lohud.com/story/sponsor-story/montefiore-health-system/2022/10/06/whats-psb-how-to-treat-and-prevent-problematic-sexual-behavior-in-kids/69544713007/"
"2","behavioral-health","article","2021-05-14","celebrating-moms-their-extraordinary-resilience","Celebrating moms for their extraordinary resilience","","https://www.lohud.com/story/sponsor-story/montefiore-health-system/2021/05/14/celebrating-moms-their-extraordinary-resilience/5094107001/"
"2","behavioral-health","article","2020-06-09","autisms-many-physical-and-mental-health-challenges-can-hard-see","Autism's many physical and mental health challenges can be hard to","","https://www.lohud.com/story/sponsor-story/montefiore-health-system/2020/06/09/autisms-many-physical-and-mental-health-challenges-can-hard-see/5322413002/"
"2","behavioral-health","article","2019-11-05","every-individual-and-community-touched-suicide-heres-how-help","Every individual and community is touched by suicide. Here's how to","","https://www.lohud.com/story/sponsor-story/montefiore-health-system/2019/11/05/every-individual-and-community-touched-suicide-heres-how-help/2386281001/"
"2","behavioral-health","article","2019-04-30","early-intervention-gives-children-autism-best-possible-future-takes-ci","Early intervention gives children with autism the best possible future","","https://www.lohud.com/story/sponsor-story/montefiore-health-system/2019/04/30/early-intervention-gives-children-autism-best-possible-future-takes-city/3634070002/"
"1","brain-nerve-care","article","2026-05-01","most-strokes-are-preventable-cut-your-stroke-risk-by-80","Most strokes are preventable — cut your stroke risk by 80%","Charles C. Esenwa, MD","https://www.lohud.com/story/sponsor-story/montefiore-health-system/2026/05/01/most-strokes-are-preventable-cut-your-stroke-risk-by-80/89891238007/"
"2","brain-nerve-care","article","2025-12-05","how-the-brain-heals-itself-and-how-we-can-help-it-along","How the brain heals itself and how we can help it along","","https://www.lohud.com/story/sponsor-story/montefiore-health-system/2025/12/05/how-the-brain-heals-itself-and-how-we-can-help-it-along/87621993007/"
"2","brain-nerve-care","article","2025-06-27","the-stroke-treatment-that-can-prevent-disability","The stroke treatment that can prevent disability","David J. Altschul, MD","https://www.lohud.com/story/sponsor-story/montefiore-health-system/2025/06/27/the-stroke-treatment-that-can-prevent-disability/84389479007/"
"2","brain-nerve-care","article","2025-06-20","migraines-no-more-new-discoveries-are-revolutionizing-treatment","Migraines no more? New discoveries are revolutionizing treatment.","Cynthia E. Armand, MD","https://www.lohud.com/story/sponsor-story/montefiore-health-system/2025/06/20/migraines-no-more-new-discoveries-are-revolutionizing-treatment/84286503007/"
"2","brain-nerve-care","article","2025-05-21","your-at-home-defense-against-stroke","Your at-home defense against stroke","","https://www.lohud.com/story/sponsor-story/montefiore-health-system/2025/05/21/your-at-home-defense-against-stroke/83768705007/"
"2","brain-nerve-care","article","2024-07-24","saving-the-brain-with-advanced-stroke-treatment","Saving the brain with advanced stroke treatment","","https://www.lohud.com/story/sponsor-story/montefiore-health-system/2024/07/24/saving-the-brain-with-advanced-stroke-treatment/74528438007/"
"2","brain-nerve-care","article","2024-05-31","lower-stroke-risk-by-80","Lower stroke risk by 80%","","https://www.lohud.com/story/sponsor-story/montefiore-health-system/2024/05/31/lower-stroke-risk-by-80/73921640007/"
"2","brain-nerve-care","article","2023-08-03","early-multiple-sclerosis-detection-new-treatments-can-prevent-disabili","Early multiple sclerosis detection & new treatments can prevent disability","","https://www.lohud.com/story/sponsor-story/montefiore-health-system/2023/08/03/early-multiple-sclerosis-detection-new-treatments-can-prevent-disability/70514254007/"
"2","brain-nerve-care","article","2023-06-02","how-to-beat-stroke-prevention-and-ai-increasing-speed-to-treatment","How to beat stroke: Prevention and AI increasing speed to treatment","","https://www.lohud.com/story/sponsor-story/montefiore-health-system/2023/06/02/how-to-beat-stroke-prevention-and-ai-increasing-speed-to-treatment/70281153007/"
"2","brain-nerve-care","journey","2021-01-21","even-three-brain-tumors-couldnt-upstage-barbara-and-steal-her-second-a","Even three brain tumors couldn't upstage Barbara and steal her second act","","https://www.lohud.com/story/sponsor-story/montefiore-health-system/2021/01/21/even-three-brain-tumors-couldnt-upstage-barbara-and-steal-her-second-act/6658761002/"
"2","brain-nerve-care","article","2019-06-29","culturally-competent-alzheimers-care-benefits-patients-and-their-careg","Culturally competent Alzheimer's care benefits patients and their caregivers","","https://www.lohud.com/story/sponsor-story/montefiore-health-system/2019/06/29/culturally-competent-alzheimers-care-benefits-patients-and-their-caregivers/1606213001/"
"2","brain-nerve-care","article","2019-03-28","self-advocacy-during-brain-tumor-diagnosis-crucial-treatment-process","Self-advocacy during a brain tumor diagnosis is crucial in treatment","","https://www.lohud.com/story/sponsor-story/montefiore-health-system/2019/03/28/self-advocacy-during-brain-tumor-diagnosis-crucial-treatment-process/3301633002/"
"1","cancer-care","article","2026-06-30","could-it-be-skin-cancer-the-signs-spots-and-sun-habits-that-matter","Could it be skin cancer? The signs, spots, and sun habits that matter","","https://www.lohud.com/story/sponsor-story/montefiore-health-system/2026/06/30/could-it-be-skin-cancer-the-signs-spots-and-sun-habits-that-matter/90750426007/"
"1","cancer-care","article","2026-04-28","treating-prostate-cancer-while-preserving-sexual-function-urinary-cont","Treating prostate cancer while preserving sexual function & urinary control","","https://www.lohud.com/story/sponsor-story/montefiore-health-system/2026/04/28/treating-prostate-cancer-while-preserving-sexual-function-urinary-control/89835297007/"
"1","cancer-care","article","2026-04-22","how-more-people-are-beating-lung-cancer-today","How more people are beating lung cancer today","","https://www.lohud.com/story/sponsor-story/montefiore-health-system/2026/04/22/how-more-people-are-beating-lung-cancer-today/89732517007/"
"1","cancer-care","article","2026-04-17","colon-cancer-now-leads-cancer-deaths-under-50-what-to-know","Colon cancer now leads cancer deaths under 50: What to know","","https://www.lohud.com/story/sponsor-story/montefiore-health-system/2026/04/17/colon-cancer-now-leads-cancer-deaths-under-50-what-to-know/89657342007/"
"2","cancer-care","article","2026-03-16","the-shift-in-cervical-cancer-screening-how-new-at-home-hpv-test-fits-i","The shift in cervical cancer screening: How new at-home HPV test fits in","","https://www.lohud.com/story/sponsor-story/montefiore-health-system/2026/03/16/the-shift-in-cervical-cancer-screening-how-new-at-home-hpv-test-fits-in/89179721007/"
"2","cancer-care","article","2026-02-03","beyond-the-stage-what-makes-each-breast-cancer-unique-and-why-it-matte","Beyond the stage — what makes each breast cancer unique and why it matters","","https://www.lohud.com/story/sponsor-story/montefiore-health-system/2026/02/03/beyond-the-stage-what-makes-each-breast-cancer-unique-and-why-it-matters/88489473007/"
"2","cancer-care","article","2025-09-30","new-advances-against-leukemia-lymphoma-and-other-blood-cancers","New advances against leukemia, lymphoma, and other blood cancers","","https://www.lohud.com/story/sponsor-story/montefiore-health-system/2025/09/30/new-advances-against-leukemia-lymphoma-and-other-blood-cancers/86437720007/"
"2","cancer-care","article","2025-06-13","the-abcdes-to-spot-skin-cancer-and-the-5-ss-to-prevent-it","The ABCDEs to spot skin cancer and the 5 S's to prevent it","","https://www.lohud.com/story/sponsor-story/montefiore-health-system/2025/06/13/the-abcdes-to-spot-skin-cancer-and-the-5-ss-to-prevent-it/84185410007/"
"2","cancer-care","article","2025-03-26","stopping-colon-cancer-with-more-testing-options-and-treatment-advances","Stopping colon cancer with more testing options and treatment advances","","https://www.lohud.com/story/sponsor-story/montefiore-health-system/2025/03/26/stopping-colon-cancer-with-more-testing-options-and-treatment-advances/82675359007/"
"2","cancer-care","article","2025-01-31","beyond-the-pap-self-collection-now-a-cervical-cancer-testing-option","Beyond the Pap: Self-collection now a cervical cancer testing option","","https://www.lohud.com/story/sponsor-story/montefiore-health-system/2025/01/31/beyond-the-pap-self-collection-now-a-cervical-cancer-testing-option/78091174007/"
"2","cancer-care","article","2024-09-27","hifu-other-latest-prostate-cancer-treatments-can-preserve-sexual-funct","HIFU, other latest prostate cancer treatments can preserve sexual function","Kara L. Watts, MD","https://www.lohud.com/story/sponsor-story/montefiore-health-system/2024/09/27/hifu-other-latest-prostate-cancer-treatments-can-preserve-sexual-function/75414022007/"
"2","cancer-care","article","2023-08-28","breastfeeding-is-a-personal-choice-know-the-benefits-for-baby-and-mom","Breastfeeding is a personal choice: Know the benefits for baby and mom","","https://www.lohud.com/story/sponsor-story/montefiore-health-system/2023/08/28/breastfeeding-is-a-personal-choice-know-the-benefits-for-baby-and-mom/70700147007/"
"2","cancer-care","article","2022-11-15","surviving-bladder-cancer-and-keeping-your-bladder","Surviving bladder cancer — and keeping your bladder","","https://www.lohud.com/story/sponsor-story/montefiore-health-system/2022/11/15/surviving-bladder-cancer-and-keeping-your-bladder/69650606007/"
"2","cancer-care","article","2022-06-07","toes-scalp-skin-cancer-can-show-up-unexpected-spots","Toes to scalp: Skin cancer can show up in unexpected spots","Beth N. McLellan, MD","https://www.lohud.com/story/sponsor-story/montefiore-health-system/2022/06/07/toes-scalp-skin-cancer-can-show-up-unexpected-spots/7545158001/"
"2","cancer-care","article","2022-05-02","stay-ahead-colon-cancer-screening-age-45","Stay ahead of colon cancer by screening at age 45","","https://www.lohud.com/story/sponsor-story/montefiore-health-system/2022/05/02/stay-ahead-colon-cancer-screening-age-45/9620254002/"
"2","cancer-care","article","2020-02-06","cervical-cancer-preventable-screening-and-hpv-vaccination","Cervical cancer is preventable with screening and HPV vaccination","","https://www.lohud.com/story/sponsor-story/montefiore-health-system/2020/02/06/cervical-cancer-preventable-screening-and-hpv-vaccination/4679461002/"
"2","cancer-care","article","2019-11-25","low-dose-ct-scan-lung-cancer-screening-saves-lives","Low-dose CT scan lung cancer screening saves lives","","https://www.lohud.com/story/sponsor-story/montefiore-health-system/2019/11/25/low-dose-ct-scan-lung-cancer-screening-saves-lives/4299106002/"
"2","cancer-care","article","2019-11-05","breastfeeding-good-infants-and-boosts-mothers-health-well","Breastfeeding is good for infants and boosts mother's health as well","","https://www.lohud.com/story/sponsor-story/montefiore-health-system/2019/11/05/breastfeeding-good-infants-and-boosts-mothers-health-well/1968236001/"
"2","cancer-care","article","2019-05-31","stay-safe-and-healthy-sun-reducing-your-risk-melanoma-and-other-skin-c","Stay safe and healthy in the sun by reducing your risk of melanoma","","https://www.lohud.com/story/sponsor-story/montefiore-health-system/2019/05/31/stay-safe-and-healthy-sun-reducing-your-risk-melanoma-and-other-skin-cancers/1294415001/"
"1","ear-nose-throat","article","2022-09-21","the-three-most-common-vision-disorders-in-children-and-how-to-spot-the","The three most common vision disorders in children","","https://www.lohud.com/story/sponsor-story/montefiore-health-system/2022/09/21/the-three-most-common-vision-disorders-in-children-and-how-to-spot-them/69510096007/"
"1","endocrinology","article","2026-03-25","beating-prediabetes-the-indispensable-lifestyle-ally-to-diet-and-exerc","Beating prediabetes: The indispensable lifestyle ally to diet and exercise","","https://www.lohud.com/story/sponsor-story/montefiore-health-system/2026/03/25/beating-prediabetes-the-indispensable-lifestyle-ally-to-diet-and-exercise/89314789007/"
"2","endocrinology","article","2025-11-25","the-next-frontier-in-type-2-diabetes-smarter-tech-better-treatment","The next frontier in Type 2 diabetes: Smarter tech, better treatment","Anjali D. Manavalan, MD","https://www.lohud.com/story/sponsor-story/montefiore-health-system/2025/11/25/the-next-frontier-in-type-2-diabetes-smarter-tech-better-treatment/87467779007/"
"2","endocrinology","article","2024-11-27","reversing-prediabetes-could-be-easier-than-you-think","Reversing prediabetes could be easier than you think","","https://www.lohud.com/story/sponsor-story/montefiore-health-system/2024/11/27/reversing-prediabetes-could-be-easier-than-you-think/76622364007/"
"2","endocrinology","article","2024-03-19","advancements-in-obesity-treatment-make-diet-exercise-more-successful","Advancements in obesity treatment make diet & exercise more successful","","https://www.lohud.com/story/sponsor-story/montefiore-health-system/2024/03/19/advancements-in-obesity-treatment-make-diet-exercise-more-successful/73027789007/"
"2","endocrinology","article","2023-11-29","stop-and-even-reverse-type-2-diabetes-new-treatments-are-making-it-eas","Stop and even reverse Type 2 diabetes: New treatments are making it easier","","https://www.lohud.com/story/sponsor-story/montefiore-health-system/2023/11/29/stop-and-even-reverse-type-2-diabetes-new-treatments-are-making-it-easier/71741820007/"
"2","endocrinology","article","2023-11-13","3-ways-to-reverse-prediabetes-it-could-be-easier-than-you-think","3 ways to reverse prediabetes: It could be easier than you think","Sandra Aleksic, MD, MS","https://www.lohud.com/story/sponsor-story/montefiore-health-system/2023/11/13/3-ways-to-reverse-prediabetes-it-could-be-easier-than-you-think/71529086007/"
"2","endocrinology","article","2023-02-07","thyroid-myths-vs-facts-everything-you-need-to-know","Thyroid myths vs. facts: Everything you need to know","Vafa Tabatabaie, MD","https://www.lohud.com/story/sponsor-story/montefiore-health-system/2023/02/07/thyroid-myths-vs-facts-everything-you-need-to-know/69881777007/"
"1","healthy-nutrition","recipe","2026-03-09","high-protein-asian-chicken-with-zucchini-noodles","High-protein Asian chicken with zucchini noodles","","https://www.lohud.com/story/sponsor-story/montefiore-health-system/2026/03/09/high-protein-asian-chicken-with-zucchini-noodles/88982136007/"
"1","healthy-nutrition","recipe","2026-02-26","dubai-inspired-chocolate-covered-strawberries","Dubai inspired chocolate covered strawberries","","https://www.lohud.com/story/sponsor-story/montefiore-health-system/2026/02/26/dubai-inspired-chocolate-covered-strawberries/88877142007/"
"1","healthy-nutrition","recipe","2026-01-23","one-pot-chicken-and-mushroom-skillet-with-vitamin-rich-ingredients","One-pot chicken and mushroom skillet with vitamin-rich ingredients","Monica Kelly, MS, RD, CDN","https://www.lohud.com/story/sponsor-story/montefiore-health-system/2026/01/23/one-pot-chicken-and-mushroom-skillet-with-vitamin-rich-ingredients/88318090007/"
"1","healthy-nutrition","recipe","2025-12-16","dark-chocolate-bark-for-a-delicious-boost-to-brain-wellness","Dark chocolate bark for a delicious boost to brain wellness","","https://www.lohud.com/story/sponsor-story/montefiore-health-system/2025/12/16/dark-chocolate-bark-for-a-delicious-boost-to-brain-wellness/87790924007/"
"1","healthy-nutrition","recipe","2025-11-12","a-pumpkin-oatmeal-risotto-rich-in-antioxidants-and-boost-immune-health","A Pumpkin Oatmeal Risotto rich in antioxidants and boost immune health","","https://www.lohud.com/story/sponsor-story/montefiore-health-system/2025/11/12/a-pumpkin-oatmeal-risotto-rich-in-antioxidants-and-boost-immune-health/87231242007/"
"2","healthy-nutrition","recipe","2025-10-06","cozy-fall-soup-with-pumpkin-sweet-potato-lentils-turmeric","Cozy fall soup with pumpkin, sweet potato, lentils & turmeric","","https://www.lohud.com/story/sponsor-story/montefiore-health-system/2025/10/06/cozy-fall-soup-with-pumpkin-sweet-potato-lentils-turmeric/86549722007/"
"1","healthy-nutrition","recipe","2025-08-19","heart-healthy-vegetable-and-chickpea-paella","Heart-healthy vegetable and chickpea paella","","https://www.lohud.com/story/sponsor-story/montefiore-health-system/2025/08/19/heart-healthy-vegetable-and-chickpea-paella/85725262007/"
"2","healthy-nutrition","recipe","2025-07-15","this-antioxidant-rich-bean-salad-is-the-perfect-plant-based-summer-dis","This antioxidant-rich bean salad is the perfect plant-based summer dish","","https://www.lohud.com/story/sponsor-story/montefiore-health-system/2025/07/15/this-antioxidant-rich-bean-salad-is-the-perfect-plant-based-summer-dish/85216777007/"
"1","healthy-nutrition","recipe","2025-05-01","start-your-morning-right-with-homestyle-blueberry-johnnycakes","Start your morning right with homestyle Blueberry Johnnycakes","","https://www.lohud.com/story/sponsor-story/montefiore-health-system/2025/05/01/start-your-morning-right-with-homestyle-blueberry-johnnycakes/83387802007/"
"2","healthy-nutrition","recipe","2025-04-08","youll-get-wrapped-up-in-these-heart-healthy-cabbage-wraps","You'll get wrapped up in these heart-healthy cabbage wraps","Monica Kelly, MS, RD, CDN","https://www.lohud.com/story/sponsor-story/montefiore-health-system/2025/04/08/youll-get-wrapped-up-in-these-heart-healthy-cabbage-wraps/82989768007/"
"2","healthy-nutrition","recipe","2025-03-26","a-creamy-tikka-masala-that-will-put-a-spring-in-your-step","A creamy tikka masala that will put a spring in your step","","https://www.lohud.com/story/sponsor-story/montefiore-health-system/2025/03/26/a-creamy-tikka-masala-that-will-put-a-spring-in-your-step/82674731007/"
"2","healthy-nutrition","recipe","2024-11-04","turkey-salad-your-whole-family-will-gobble-up","Turkey salad your whole family will gobble up","","https://www.lohud.com/story/sponsor-story/montefiore-health-system/2024/11/04/turkey-salad-your-whole-family-will-gobble-up/76045391007/"
"2","healthy-nutrition","recipe","2024-08-01","packing-the-punch-in-kung-pao-chicken-tacos","Packing the punch in Kung Pao Chicken Tacos","","https://www.lohud.com/story/sponsor-story/montefiore-health-system/2024/08/01/packing-the-punch-in-kung-pao-chicken-tacos/74634846007/"
"2","healthy-nutrition","recipe","2024-05-03","treat-mom-to-mini-garden-fresh-vegetable-egg-bites","Treat Mom to mini garden fresh vegetable egg bites","Cewin Chao, MS, RD, CDN","https://www.lohud.com/story/sponsor-story/montefiore-health-system/2024/05/03/treat-mom-to-mini-garden-fresh-vegetable-egg-bites/73526067007/"
"2","healthy-nutrition","recipe","2024-04-02","tom-kha-gai-a-warm-embrace-from-thai-cuisine","Tom Kha Gai: A warm embrace from Thai cuisine","","https://www.lohud.com/story/sponsor-story/montefiore-health-system/2024/04/02/tom-kha-gai-a-warm-embrace-from-thai-cuisine/73178064007/"
"2","healthy-nutrition","recipe","2024-03-01","an-easy-recipe-perfect-for-weeknights-chicken-breast-with-almond-sauce","An easy recipe perfect for weeknights: Chicken breast with almond sauce","","https://www.lohud.com/story/sponsor-story/montefiore-health-system/2024/03/01/an-easy-recipe-perfect-for-weeknights-chicken-breast-with-almond-sauce/72807007007/"
"2","healthy-nutrition","recipe","2024-02-01","vegan-cassoulet-rustic-elegance-with-hearty-plant-delights","Vegan Cassoulet: Rustic elegance with hearty plant delights","","https://www.lohud.com/story/sponsor-story/montefiore-health-system/2024/02/01/vegan-cassoulet-rustic-elegance-with-hearty-plant-delights/72396033007/"
"2","healthy-nutrition","recipe","2024-01-25","lentil-minestrone-soup-a-versatile-comfort-food","Lentil minestrone soup: A versatile comfort food","","https://www.lohud.com/story/sponsor-story/montefiore-health-system/2024/01/25/lentil-minestrone-soup-a-versatile-comfort-food/72097072007/"
"2","healthy-nutrition","recipe","2023-10-04","simple-healthy-and-full-of-middle-eastern-flavor-lentil-falafel-with-y","Simple, healthy, and full of Middle Eastern flavor: Lentil Falafel with yogurt sauce","","https://www.lohud.com/story/sponsor-story/montefiore-health-system/2023/10/04/simple-healthy-and-full-of-middle-eastern-flavor-lentil-falafel-with-yogurt-sauce/71058385007/"
"2","healthy-nutrition","recipe","2023-09-01","broccoli-tabbouleh-salad-a-veggie-packed-spin-on-a-mediterranean-class","Broccoli Tabbouleh Salad: A veggie-packed spin on a mediterranean classic","","https://www.lohud.com/story/sponsor-story/montefiore-health-system/2023/09/01/broccoli-tabbouleh-salad-a-veggie-packed-spin-on-a-mediterranean-classic/70727743007/"
"2","healthy-nutrition","recipe","2023-05-02","vegetable-frittata-spring-smoothie-an-easy-way-to-start-the-day","Vegetable Frittata & Spring Smoothie: An easy way to start the day!","Jessica Shapiro, MS, RD, CDN","https://www.lohud.com/story/sponsor-story/montefiore-health-system/2023/05/02/vegetable-frittata-spring-smoothie-an-easy-way-to-start-the-day/70176429007/"
"2","healthy-nutrition","recipe","2023-01-27","healthy-new-year-8-tips-to-stick-to-your-nutrition-resolutions","Healthy New Year! 8 tips to stick to your nutrition resolutions","Jessica Shapiro, MS, RD, CDN","https://www.lohud.com/story/sponsor-story/montefiore-health-system/2023/01/27/healthy-new-year-8-tips-to-stick-to-your-nutrition-resolutions/69845236007/"
"2","healthy-nutrition","recipe","2022-08-01","kids-summer-menu","Kids summer menu","Jessica Shapiro, MS, RD, CDN","https://www.lohud.com/story/sponsor-story/montefiore-health-system/2022/08/01/kids-summer-menu/65383881007/"
"2","healthy-nutrition","recipe","2022-05-03","experience-mediterranean-greek-salad-sardines","Experience the Mediterranean with this Greek Salad with Sardines","","https://www.lohud.com/story/sponsor-story/montefiore-health-system/2022/05/03/experience-mediterranean-greek-salad-sardines/9634145002/"
"2","healthy-nutrition","recipe","2022-04-01","spice-up-your-diet-spinach-and-black-bean-enchiladas-dish","Spice up your diet with this spinach and black bean enchiladas dish","","https://www.lohud.com/story/sponsor-story/montefiore-health-system/2022/04/01/spice-up-your-diet-spinach-and-black-bean-enchiladas-dish/7216631001/"
"2","healthy-nutrition","recipe","2022-03-01","chayote-squash-takes-center-stage-tinola-chicken-stew","Chayote Squash takes center stage in this Tinola Chicken Stew","","https://www.lohud.com/story/sponsor-story/montefiore-health-system/2022/03/01/chayote-squash-takes-center-stage-tinola-chicken-stew/6980674001/"
"2","healthy-nutrition","recipe","2022-02-09","nutrition-filled-oats-more-than-ingredient-breakfast","Nutrition-filled oats are more than an ingredient for breakfast","","https://www.lohud.com/story/sponsor-story/montefiore-health-system/2022/02/09/nutrition-filled-oats-more-than-ingredient-breakfast/6723172001/"
"2","healthy-nutrition","recipe","2022-01-19","traditional-mexican-tacos-bursting-citrusy-zest-lean-start-2022","Traditional Mexican tacos bursting with citrusy zest for a lean start to","","https://www.lohud.com/story/sponsor-story/montefiore-health-system/2022/01/19/traditional-mexican-tacos-bursting-citrusy-zest-lean-start-2022/6580544001/"
"2","healthy-nutrition","recipe","2021-06-07","spice-up-breakfast-or-lunch-latin-twist-avocado-toast","Spice up breakfast (or lunch) with this Latin twist on avocado toast","","https://www.lohud.com/story/sponsor-story/montefiore-health-system/2021/06/07/spice-up-breakfast-or-lunch-latin-twist-avocado-toast/7588245002/"
"2","healthy-nutrition","recipe","2021-03-31","mix-up-national-nutrition-month-simple-shakshuka-recipe","Mix it up for National Nutrition Month with this simple shakshuka recipe","","https://www.lohud.com/story/sponsor-story/montefiore-health-system/2021/03/31/mix-up-national-nutrition-month-simple-shakshuka-recipe/4823769001/"
"2","healthy-nutrition","recipe","2021-02-01","delicious-lentil-soup-nutritional-powerhouse-winter","This delicious lentil soup is a nutritional powerhouse for winter","","https://www.lohud.com/story/sponsor-story/montefiore-health-system/2021/02/01/delicious-lentil-soup-nutritional-powerhouse-winter/4344165001/"
"2","healthy-nutrition","recipe","2020-09-29","wondering-what-do-whole-chicken-make-these-4-easy-healthy-recipes","Wondering what to do with a whole chicken? Make these 4 easy","Sandra Arevalo, MPH, RDN","https://www.lohud.com/story/sponsor-story/montefiore-health-system/2020/09/29/wondering-what-do-whole-chicken-make-these-4-easy-healthy-recipes/3572027001/"
"2","healthy-nutrition","recipe","2020-06-22","these-nutritious-salads-and-drinks-liven-up-any-summer-meal","These nutritious salads and drinks will liven up any summer meal","","https://www.lohud.com/story/sponsor-story/montefiore-health-system/2020/06/22/these-nutritious-salads-and-drinks-liven-up-any-summer-meal/3236247001/"
"2","healthy-nutrition","recipe","2020-05-27","spice-up-stay-home-cooking-easy-healthy-thai-soup-recipe","Spice up stay-at-home cooking with this easy, healthy Thai soup","Jessica Shapiro, MS, RD, CDN","https://www.lohud.com/story/sponsor-story/montefiore-health-system/2020/05/27/spice-up-stay-home-cooking-easy-healthy-thai-soup-recipe/5269192002/"
"2","healthy-nutrition","recipe","2020-03-12","warm-up-spring-vibrant-west-african-peanut-soup-recipe","Warm up to spring with this vibrant West African Peanut Soup recipe","","https://www.lohud.com/story/sponsor-story/montefiore-health-system/2020/03/12/warm-up-spring-vibrant-west-african-peanut-soup-recipe/5034737002/"
"2","healthy-nutrition","recipe","2020-01-16","hearty-minestrone-soup-loaded-fiber-protein-vitamins-and-other-nutrien","This hearty minestrone soup is loaded with fiber, protein, vitamins","","https://www.lohud.com/story/sponsor-story/montefiore-health-system/2020/01/16/hearty-minestrone-soup-loaded-fiber-protein-vitamins-and-other-nutrients/4489106002/"
"2","healthy-nutrition","recipe","2019-11-05","celebrate-hispanic-heritage-month-delicious-arroz-con-pollo-recipe","Celebrate Hispanic Heritage Month with this delicious arroz con","","https://www.lohud.com/story/sponsor-story/montefiore-health-system/2019/11/05/celebrate-hispanic-heritage-month-delicious-arroz-con-pollo-recipe/2302894001/"
"2","healthy-nutrition","recipe","2019-02-19","chicken-and-bean-soup-warm-up-heart-health-and-awareness-february","Chicken and bean soup to warm up heart health and awareness in","","https://www.lohud.com/story/sponsor-story/montefiore-health-system/2019/02/19/chicken-and-bean-soup-warm-up-heart-health-and-awareness-february/2904873002/"
"1","heart-care","article","2026-07-02","spotting-heart-disease-and-how-to-stop-it","Spotting heart disease and how to stop it","Mario J. Garcia, MD","https://www.lohud.com/story/sponsor-story/montefiore-health-system/2026/07/02/spotting-heart-disease-and-how-to-stop-it/90781411007/"
"1","heart-care","article","2026-02-27","6-tips-for-a-stronger-healthier-heart","6 tips for a stronger, healthier heart","Robert J. Ostfeld, MD, MS","https://www.lohud.com/story/sponsor-story/montefiore-health-system/2026/02/27/6-tips-for-a-stronger-healthier-heart/88898798007/"
"1","heart-care","journey","2026-02-11","guy-monseairs-heart-stopped-twice-he-was-back-coaching-in-just-10-days","Guy Monseair's heart stopped twice. He was back coaching in just 10 days","Robert E. Michler, MD","https://www.lohud.com/story/sponsor-story/montefiore-health-system/2026/02/11/guy-monseairs-heart-stopped-twice-he-was-back-coaching-in-just-10-days/88623422007/"
"1","heart-care","journey","2025-10-31","back-to-beating-strong-how-phyllis-got-her-heart-and-her-life-back-on-","Back to beating strong — how Phyllis got her heart and her life back on track","Luigi Di Biase, MD, PhD","https://www.lohud.com/story/sponsor-story/montefiore-health-system/2025/10/31/back-to-beating-strong-how-phyllis-got-her-heart-and-her-life-back-on-track/87011754007/"
"2","heart-care","article","2025-09-12","restore-a-normal-heart-rhythm-cut-stroke-risk","Restore a normal heart rhythm. Cut stroke risk.","","https://www.lohud.com/story/sponsor-story/montefiore-health-system/2025/09/12/restore-a-normal-heart-rhythm-cut-stroke-risk/86112153007/"
"2","heart-care","article","2025-06-11","how-to-spot-heart-failure-plus-the-latest-life-changing-treatments","How to spot heart failure — plus the latest life-changing treatments","Yogita Mahendra Rochlani, MD","https://www.lohud.com/story/sponsor-story/montefiore-health-system/2025/06/11/how-to-spot-heart-failure-plus-the-latest-life-changing-treatments/84149483007/"
"2","heart-care","article","2025-05-23","your-heart-health-is-more-on-your-plate-than-you-might-think","Your heart health is more on your plate than you might think","Robert J. Ostfeld, MD, MS","https://www.lohud.com/story/sponsor-story/montefiore-health-system/2025/05/23/your-heart-health-is-more-on-your-plate-than-you-might-think/83817391007/"
"2","heart-care","journey","2025-03-31","jamess-heart-failure-reversal-is-one-for-the-record-books","James's heart-failure reversal is one for the record books","","https://www.lohud.com/story/sponsor-story/montefiore-health-system/2025/03/31/jamess-heart-failure-reversal-is-one-for-the-record-books/70325494007/"
"2","heart-care","journey","2023-10-10","curing-a-racing-heart-how-phyllis-beat-arrhythmia","Curing a racing heart: How Phyllis beat arrhythmia","","https://www.lohud.com/story/sponsor-story/montefiore-health-system/2023/10/10/curing-a-racing-heart-how-phyllis-beat-arrhythmia/71132185007/"
"2","heart-care","article","2023-03-17","cardiac-arrest-heart-attack-or-heart-failure-whats-the-difference","Cardiac arrest, heart attack, or heart failure? What's the difference?","","https://www.lohud.com/story/sponsor-story/montefiore-health-system/2023/03/17/cardiac-arrest-heart-attack-or-heart-failure-whats-the-difference/70020895007/"
"2","heart-care","journey","2023-03-01","a-new-heart-gave-jessica-another-shot","A new heart gave Jessica another shot","","https://www.lohud.com/story/sponsor-story/montefiore-health-system/2023/03/01/a-new-heart-gave-jessica-another-shot/69960101007/"
"2","heart-care","journey","2023-02-21","a-new-heart-was-josephs-winning-save","A new heart was Joseph's winning save","","https://www.lohud.com/story/sponsor-story/montefiore-health-system/2023/02/21/a-new-heart-was-josephs-winning-save/69927140007/"
"2","heart-care","article","2022-04-28","no-1-reason-limb-loss-and-how-prevent","The No. 1 reason for limb loss and how to prevent it","","https://www.lohud.com/story/sponsor-story/montefiore-health-system/2022/04/28/no-1-reason-limb-loss-and-how-prevent/9575634002/"
"2","heart-care","journey","2020-09-28","saving-jessica-bridge-new-heart","Saving Jessica with a bridge to a new heart","","https://www.lohud.com/story/sponsor-story/montefiore-health-system/2020/09/28/saving-jessica-bridge-new-heart/3562987001/"
"2","heart-care","article","2020-08-19","covid-19-and-heart-health-big-impact-100-avoidable","COVID-19 and heart health: The big impact that is 100% avoidable","","https://www.lohud.com/story/sponsor-story/montefiore-health-system/2020/08/19/covid-19-and-heart-health-big-impact-100-avoidable/5607542002/"
"2","heart-care","article","2020-02-09","heart-failure-tips-optimize-treatment-success","Heart failure tips to optimize treatment success","","https://www.lohud.com/story/sponsor-story/montefiore-health-system/2020/02/09/heart-failure-tips-optimize-treatment-success/4709442002/"
"1","orthopedics-rehab","article","2023-10-17","advanced-treatment-options-for-children-born-with-craniofacial-anomali","Advanced treatment options for children born with craniofacial anomalies","","https://www.lohud.com/story/sponsor-story/montefiore-health-system/2023/10/17/advanced-treatment-options-for-children-born-with-craniofacial-anomalies/71214904007/"
"2","orthopedics-rehab","article","2022-09-28","kids-get-arthritis-too-know-the-signs","Kids get arthritis too. Know the signs.","","https://www.lohud.com/story/sponsor-story/montefiore-health-system/2022/09/28/kids-get-arthritis-too-know-the-signs/69525027007/"
"2","orthopedics-rehab","article","2021-10-01","why-pediatric-sports-injuries-rise-and-what-do-them","Why pediatric sports injuries are on the rise — and what to do about","","https://www.lohud.com/story/sponsor-story/montefiore-health-system/2021/10/01/why-pediatric-sports-injuries-rise-and-what-do-them/5947820001/"
"1","primary-care","article","2026-08-07","bloating-cramps-urgency-could-it-be-ibs","Bloating, cramps, urgency: Could it be IBS?","","https://www.lohud.com/story/sponsor-story/montefiore-health-system/2026/08/07/bloating-cramps-urgency-could-it-be-ibs/91213117007/"
"1","primary-care","journey","2025-12-03","a-fight-to-beat-pulmonary-fibrosis-pauls-incredible-comeback","A fight to beat pulmonary fibrosis — Paul's incredible comeback","","https://www.lohud.com/story/sponsor-story/montefiore-health-system/2025/12/03/a-fight-to-beat-pulmonary-fibrosis-pauls-incredible-comeback/87587544007/"
"1","primary-care","article","2025-11-28","flu-protection-isnt-about-doing-more-its-about-timing-it-right","Flu protection isn't about doing more. It's about timing it right.","Alice S. Teich, MD","https://www.lohud.com/story/sponsor-story/montefiore-health-system/2025/11/28/flu-protection-isnt-about-doing-more-its-about-timing-it-right/87508219007/"
"1","primary-care","article","2025-02-25","dont-underestimate-shingles","Don't underestimate shingles","","https://www.lohud.com/story/sponsor-story/montefiore-health-system/2025/02/25/dont-underestimate-shingles/80255114007/"
"2","primary-care","article","2024-08-23","record-breaking-heat-waves-and-dehydration-9-ways-to-stay-hydrated","Record-breaking heat waves and dehydration — 9 ways to stay hydrated","","https://www.lohud.com/story/sponsor-story/montefiore-health-system/2024/08/23/record-breaking-heat-waves-and-dehydration-9-ways-to-stay-hydrated/74918016007/"
"1","primary-care","article","2024-06-27","teens-with-heavy-periods-how-much-is-too-much-and-when-to-seek-help","Teens with heavy periods — how much is too much and when to seek help","","https://www.lohud.com/story/sponsor-story/montefiore-health-system/2024/06/27/teens-with-heavy-periods-how-much-is-too-much-and-when-to-seek-help/74233795007/"
"2","primary-care","article","2023-12-12","adult-rsv-who-should-protect-themselves-with-the-new-vaccine","Adult RSV: Who should protect themselves with the new vaccine?","Gregory D. Weston, MD","https://www.lohud.com/story/sponsor-story/montefiore-health-system/2023/12/12/adult-rsv-who-should-protect-themselves-with-the-new-vaccine/71895209007/"
"2","primary-care","article","2023-10-12","flu-proof-life-the-best-defense-this-season","Flu-proof life: The best defense this season","Vanessa Pratomo, MD","https://www.lohud.com/story/sponsor-story/montefiore-health-system/2023/10/12/flu-proof-life-the-best-defense-this-season/71156278007/"
"2","primary-care","article","2023-10-02","breakthrough-sickle-cell-treatments-improve-this-invisible-illness-out","Breakthrough sickle cell treatments improve this invisible illness outlook","Kerry A. Morrone, MD","https://www.lohud.com/story/sponsor-story/montefiore-health-system/2023/10/02/breakthrough-sickle-cell-treatments-improve-this-invisible-illness-outlook/71034099007/"
"2","primary-care","journey","2023-09-25","a-chance-encounter-saved-paul-with-a-living-liver-donor-1000-miles-awa","A chance encounter saved Paul with a living liver donor 1000 miles away","","https://www.lohud.com/story/sponsor-story/montefiore-health-system/2023/09/25/a-chance-encounter-saved-paul-with-a-living-liver-donor-1000-miles-away/70963436007/"
"2","primary-care","article","2023-08-31","keeping-up-with-the-latest-psoriasis-treatment-breakthroughs","Keeping up with the latest psoriasis treatment breakthroughs","","https://www.lohud.com/story/sponsor-story/montefiore-health-system/2023/08/31/keeping-up-with-the-latest-psoriasis-treatment-breakthroughs/70729997007/"
"2","primary-care","article","2023-06-14","dad-power-the-impact-of-fatherhood","Dad power: The impact of fatherhood","","https://www.lohud.com/story/sponsor-story/montefiore-health-system/2023/06/14/dad-power-the-impact-of-fatherhood/70321859007/"
"2","primary-care","journey","2023-04-28","this-4-month-old-needed-a-new-liver-fast-a-living-donor-saved-her-life","This 4-month-old needed a new liver fast. A living donor saved her life.","","https://www.lohud.com/story/sponsor-story/montefiore-health-system/2023/04/28/this-4-month-old-needed-a-new-liver-fast-a-living-donor-saved-her-life/70163622007/"
"2","primary-care","article","2022-09-29","my-child-fell-off-the-bed-and-hit-their-head-what-do-i-do","""My child fell off the bed and hit their head. What do I do?”","","https://www.lohud.com/story/sponsor-story/montefiore-health-system/2022/09/29/my-child-fell-off-the-bed-and-hit-their-head-what-do-i-do/69527644007/"
"2","primary-care","article","2022-08-04","rsv-on-the-rise-year-round-protecting-babies-and-toddlers-in-warmer-mo","RSV on the rise year-round: protecting babies and toddlers in warmer months","","https://www.lohud.com/story/sponsor-story/montefiore-health-system/2022/08/04/rsv-on-the-rise-year-round-protecting-babies-and-toddlers-in-warmer-months/65392138007/"
"2","primary-care","article","2022-08-01","what-to-know-about-dehydration-and-how-to-avoid-it","What to know about dehydration and how to avoid it","","https://www.lohud.com/story/sponsor-story/montefiore-health-system/2022/08/01/what-to-know-about-dehydration-and-how-to-avoid-it/65388665007/"
"2","primary-care","article","2022-06-16","tips-dads-even-bigger-heroes-their-kids","Tips for dads to be even bigger heroes to their kids","","https://www.lohud.com/story/sponsor-story/montefiore-health-system/2022/06/16/tips-dads-even-bigger-heroes-their-kids/7635425001/"
"2","primary-care","journey","2021-11-09","strangers-gift-how-living-organ-donor-saved-babys-life","A stranger's gift: How a living organ donor saved this baby's life","","https://www.lohud.com/story/sponsor-story/montefiore-health-system/2021/11/09/strangers-gift-how-living-organ-donor-saved-babys-life/6354242001/"
"2","primary-care","article","2020-07-01","hot-humid-weather-raises-risk-dehydration-heres-how-avoid","Hot humid weather raises risk of dehydration: Here's how to avoid it","","https://www.lohud.com/story/sponsor-story/montefiore-health-system/2020/07/01/hot-humid-weather-raises-risk-dehydration-heres-how-avoid/5358895002/"
"2","primary-care","article","2020-05-06","living-organ-donors-save-thousands-lives-each-year","Living organ donors save thousands of lives each year","","https://www.lohud.com/story/sponsor-story/montefiore-health-system/2020/05/06/living-organ-donors-save-thousands-lives-each-year/5177298002/"
"2","primary-care","article","2019-12-30","prevention-respiratory-syncytial-virus-rsv-best-way-keep-babies-safe-b","Prevention of respiratory syncytial virus (RSV) is the best way to","","https://www.lohud.com/story/sponsor-story/montefiore-health-system/2019/12/30/prevention-respiratory-syncytial-virus-rsv-best-way-keep-babies-safe-bronchiolitis/2774905001/"
"2","primary-care","article","2019-12-10","how-practice-toy-safety-holiday-season-and-beyond","Toy safety tips for holiday gifting: keeping it fun, minimizing the risk","","https://www.lohud.com/story/sponsor-story/montefiore-health-system/2019/12/10/how-practice-toy-safety-holiday-season-and-beyond/2586989001/"
"2","primary-care","article","2019-11-05","make-lunch-time-more-fun-these-simple-healthy-and-delicious-recipes","Make lunch time more fun with these simple, healthy and delicious","","https://www.lohud.com/story/sponsor-story/montefiore-health-system/2019/11/05/make-lunch-time-more-fun-these-simple-healthy-and-delicious-recipes/1878617001/"
"2","primary-care","article","2019-07-26","restoring-function-and-improving-quality-life-children-some-most-commo","Restoring function and improving quality of life for children with","","https://www.lohud.com/story/sponsor-story/montefiore-health-system/2019/07/26/restoring-function-and-improving-quality-life-children-some-most-common-birth-defects-craniofacial-d/1836779001/"
"2","primary-care","article","2019-07-12","hot-humid-weather-raises-risk-dehydration-heres-how-avoid","Hot humid weather raises risk of dehydration: Here's how to avoid it","","https://www.lohud.com/story/sponsor-story/montefiore-health-system/2019/07/12/hot-humid-weather-raises-risk-dehydration-heres-how-avoid/1717555001/"
"2","primary-care","article","2019-06-07","celebrate-fathers-day-one-these-tasty-and-healthy-dinner-ideas","Celebrate Father's Day with one of these tasty and healthy dinner","","https://www.lohud.com/story/sponsor-story/montefiore-health-system/2019/06/07/celebrate-fathers-day-one-these-tasty-and-healthy-dinner-ideas/1371150001/"
"1","sleep-medicine","article","2024-10-04","safe-sleep-practices-to-reduce-babies-sids-risk","Safe sleep practices to reduce babies' SIDS risk","Jillian B. Parekh, MD","https://www.lohud.com/story/sponsor-story/montefiore-health-system/2024/10/04/safe-sleep-practices-to-reduce-babies-sids-risk/75515476007/"
"2","sleep-medicine","article","2023-10-03","no-mask-no-hose-just-sleep-the-innovative-alternative-for-sleep-apnea","No mask, no hose, just sleep: The innovative alternative for sleep apnea","","https://www.lohud.com/story/sponsor-story/montefiore-health-system/2023/10/03/no-mask-no-hose-just-sleep-the-innovative-alternative-for-sleep-apnea/71044808007/"
"2","sleep-medicine","article","2019-11-05","safe-sleep-practices-reduce-risk-sids-and-other-causes-sudden-unexpect","Safe sleep practices reduce the risk of SIDS and other causes of","","https://www.lohud.com/story/sponsor-story/montefiore-health-system/2019/11/05/safe-sleep-practices-reduce-risk-sids-and-other-causes-sudden-unexpected-infant-death/4113000002/"
"1","urology","article","2026-05-15","tired-of-urine-leaks-relief-may-start-with-your-pelvic-floor","Tired of urine leaks? Relief may start with your pelvic floor","Whitney L. Clearwater, MD, MPH","https://www.lohud.com/story/sponsor-story/montefiore-health-system/2026/05/15/tired-of-urine-leaks-relief-may-start-with-your-pelvic-floor/90095476007/"
"2","urology","article","2025-09-26","understanding-bedwetting-expert-advice-for-effective-strategies","Understanding bedwetting — expert advice for effective strategies","Miriam Harel, MD","https://www.lohud.com/story/sponsor-story/montefiore-health-system/2025/09/26/understanding-bedwetting-expert-advice-for-effective-strategies/86369067007/"
"2","urology","article","2023-08-04","hidden-causes-of-erectile-dysfunction-dispelling-ed-myths","Hidden causes of erectile dysfunction: Dispelling ED myths","","https://www.lohud.com/story/sponsor-story/montefiore-health-system/2023/08/04/hidden-causes-of-erectile-dysfunction-dispelling-ed-myths/70530405007/"
"1","urology","article","2023-05-31","slowing-the-progression-of-kidney-disease-in-children","Slowing the progression of kidney disease in children","","https://www.lohud.com/story/sponsor-story/montefiore-health-system/2023/05/31/slowing-the-progression-of-kidney-disease-in-children/70273607007/"
"2","urology","article","2022-09-27","hysterectomy-is-not-the-only-option-for-women-with-uterine-fibroids","Hysterectomy is not the only option for women with uterine fibroids","Jacob Cynamon","https://www.lohud.com/story/sponsor-story/montefiore-health-system/2022/09/27/hysterectomy-is-not-the-only-option-for-women-with-uterine-fibroids/69522088007/"
"2","urology","article","2019-06-25","male-sexual-dysfunction-normal-part-aging-important-health-message-you","Male sexual dysfunction: A normal part of aging, or is it an important","","https://www.lohud.com/story/sponsor-story/montefiore-health-system/2019/06/25/male-sexual-dysfunction-normal-part-aging-important-health-message-your-body/1559451001/"
